customer_id,full_name,age,gender,city,registration_date
101,Əli Hüseynov,28,Kişi,Bakı,2023-01-15
102,Aygün Əliyeva,25,Qadın,Bakı,2023-03-20
103,Vüsal Məmmədov,32,Kişi,Sumqayıt,2023-06-10
104,Leyla Rəşidova,29,Qadın,Gəncə,2023-08-05
105,Rəşad Quliyev,35,Kişi,Mingəçevir,2023-11-30
106,Nərmin Əhmədova,22,Qadın,Bakı,2024-01-12
107,Kamran Əliyev,31,Kişi,Gəncə,2024-02-25
108,Sevinc Qasımova,27,Qadın,Sumqayıt,2024-03-18
109,Elşən Cəfərov,40,Kişi,Bakı,2024-04-05
110,Günay Məmmədova,24,Qadın,Mingəçevir,2024-04-22
111,Tural İsmayılov,33,Kişi,Gəncə,2024-05-10
112,Aytən Həsənova,26,Qadın,Bakı,2024-05-28
113,Orxan Rəsulov,38,Kişi,Sumqayıt,2024-06-15
114,Gülşən Əliyeva,23,Qadın,Bakı,2024-06-30
115,İlqar Babayev,29,Kişi,Gəncə,2024-07-12
116,Nigar Rüstəmova,34,Qadın,Mingəçevir,2024-07-25
117,Rauf Qurbanov,41,Kişi,Bakı,2024-08-08
118,Ləman Qədirova,28,Qadın,Sumqayıt,2024-08-20
119,Elnur Hüseynov,30,Kişi,Gəncə,2024-09-05
120,Fəridə Abbasova,27,Qadın,Bakı,2024-09-18
121,Samir Cəmilov,36,Kişi,Mingəçevir,2024-10-01
122,Ülviyyə İbrahimova,25,Qadın,Bakı,2024-10-14
123,Rövşən Əhmədov,32,Kişi,Sumqayıt,2024-10-27
124,Səbinə Rəhimova,29,Qadın,Gəncə,2024-11-10
125,Emin Novruzov,39,Kişi,Bakı,2024-11-23
126,Günel Məmmədova,26,Qadın,Mingəçevir,2024-12-06
127,Faiq Hacıyev,31,Kişi,Bakı,2024-12-19
128,Narmin Şükürova,24,Qadın,Gəncə,2025-01-01
129,Şahin Quliyev,37,Kişi,Sumqayıt,2025-01-14
130,Lala Əzizova,28,Qadın,Bakı,2025-01-27
131,Rəşid Məmmədli,45,Kişi,Bakı,2023-02-10
132,Səadət Hüseynova,31,Qadın,Gəncə,2023-03-25
133,Vaqif Əliyev,29,Kişi,Sumqayıt,2023-04-15
134,Gülnarə Rəcəbova,26,Qadın,Mingəçevir,2023-05-30
135,Rəvan İbrahimov,38,Kişi,Bakı,2023-06-22
136,Aysel Qurbanova,24,Qadın,Gəncə,2023-07-18
137,Eldar Novruzov,33,Kişi,Sumqayıt,2023-08-09
138,Zəhra Məmmədova,27,Qadın,Bakı,2023-09-28
139,Rüstəm Həsənov,41,Kişi,Mingəçevir,2023-10-14
140,Leylağa Əliyeva,22,Qadın,Bakı,2023-11-05
141,Tahir Rəsulov,35,Kişi,Gəncə,2023-12-20
142,Sevda Qasımova,28,Qadın,Sumqayıt,2024-01-12
143,Rəşad Babayev,30,Kişi,Bakı,2024-02-03
144,Günayə Hüseynova,25,Qadın,Mingəçevir,2024-02-25
145,Orxan Cəfərov,39,Kişi,Gəncə,2024-03-18
146,Nərgiz Əhmədova,32,Qadın,Bakı,2024-04-10
147,Vüsal İsmayılov,27,Kişi,Sumqayıt,2024-05-05
148,Aynur Rəhimova,29,Qadın,Bakı,2024-05-28
149,Rəşid Quliyev,36,Kişi,Mingəçevir,2024-06-15
150,Gülşən Novruzova,23,Qadın,Gəncə,2024-07-08
151,İlham Əliyev,34,Kişi,Bakı,2024-07-22
152,Nigar Hacıyeva,26,Qadın,Sumqayıt,2024-08-14
153,Şahin Məmmədov,40,Kişi,Bakı,2024-09-05
154,Ləman Rəsulova,31,Qadın,Mingəçevir,2024-09-25
155,Elnur Qurbanov,28,Kişi,Gəncə,2024-10-10
156,Fəridə Cəmilova,33,Qadın,Bakı,2024-10-30
157,Samir Əhmədov,37,Kişi,Sumqayıt,2024-11-15
158,Ülvi İbrahimov,29,Kişi,Bakı,2024-12-05
159,Səbinə Qasımlı,24,Qadın,Gəncə,2024-12-20
160,Emin Babayev,42,Kişi,Mingəçevir,2025-01-08
161,Günel Hüseynova,27,Qadın,Bakı,2025-01-22
162,Faiq Novruzov,32,Kişi,Sumqayıt,2025-02-14
163,Narmin Əliyeva,25,Qadın,Gəncə,2025-02-28
164,Şahinə Quluyeva,30,Qadın,Bakı,2025-03-15
165,Lala Rəsulova,35,Qadın,Mingəçevir,2025-04-05
166,Rəşid Hacıyev,38,Kişi,Gəncə,2025-04-20
167,Səadət İsmayılova,26,Qadın,Bakı,2025-05-10
168,Vaqif Məmmədov,33,Kişi,Sumqayıt,2025-05-25
169,Gülnarə Əhmədova,29,Qadın,Bakı,2025-06-08
170,Rəvan Qurbanov,41,Kişi,Gəncə,2025-06-22
171,Aysel Hüseynova,24,Qadın,Mingəçevir,2025-07-15
172,Eldar Rəhimov,36,Kişi,Bakı,2025-08-05
173,Zəhra Babayeva,27,Qadın,Sumqayıt,2025-08-20
174,Rüstəm Novruzov,39,Kişi,Gəncə,2025-09-10
175,Leylağa Cəmilova,22,Qadın,Bakı,2025-09-25
176,Tahir Hacıyev,35,Kişi,Mingəçevir,2025-10-15
177,Sevda Əliyeva,28,Qadın,Bakı,2025-11-05
178,Rəşad İbrahimov,30,Kişi,Sumqayıt,2025-11-20
179,Günayə Məmmədova,25,Qadın,Gəncə,2025-12-10
180,Orxan Hüseynov,39,Kişi,Bakı,2025-12-25
181,Nərgiz Qasımova,32,Qadın,Mingəçevir,2026-01-08
182,Vüsal Rəsulov,27,Kişi,Gəncə,2026-01-22
183,Aynur Əhmədova,29,Qadın,Bakı,2026-02-15
184,Rəşid Novruzov,36,Kişi,Sumqayıt,2026-03-05
185,Gülşən Hacıyeva,23,Qadın,Bakı,2026-03-20
186,İlham Babayev,34,Kişi,Gəncə,2026-04-10
187,Nigar Cəmilova,26,Qadın,Mingəçevir,2026-04-25
188,Şahin Rəhimov,40,Kişi,Bakı,2026-05-15
189,Ləman Əliyeva,31,Qadın,Sumqayıt,2026-06-05
190,Elnur Məmmədov,28,Kişi,Bakı,2026-06-20
191,Fəridə Hüseynova,33,Qadın,Gəncə,2026-07-10
192,Samir Qurbanov,37,Kişi,Mingəçevir,2026-07-25
193,Ülvi Novruzova,29,Qadın,Bakı,2026-08-15
194,Səbinə Hacıyeva,24,Qadın,Sumqayıt,2026-09-05
195,Emin Rəsulov,42,Kişi,Bakı,2026-09-20
196,Günel Əhmədova,27,Qadın,Gəncə,2026-10-10
197,Faiq Babayev,32,Kişi,Mingəçevir,2026-10-25
198,Narmin Qasımova,25,Qadın,Bakı,2026-11-15
199,Şahinə Rəhimova,30,Qadın,Sumqayıt,2026-12-05
200,Lala Hüseynova,35,Qadın,Bakı,2026-12-20
